,res_code,area,res_name_raw,res_name_edited,sex,individual,group_2,group_3,group_4,year
0,7,DRW,Any CCTH,"Any,CCTH",m,2854,2838,2833,2818,2018
1,1,DRW,Any Dorm,"Any,Dorm",m,2854,2838,2833,2818,2018
2,2,DRW,Any East,"Any,East Campus",m,2854,2774,2745,2745,2018
3,6,DRW,Any Res,"Any,Residence",m,2854,,,,2018
4,3,DRW,Any West,"Any,West Campus",m,2854,2838,2833,2818,2018
5,31,BRN,Any Branner,"Any,Branner",m,1508,1363,1346,1346,2018
6,282,BRN,Bran1rmDbl,"1 Room Double,Branner",m,1508,1363,1346,1172,2018
7,281,BRN,Bran1rmSgl,"1 Room Single,Branner",m,286,200,199,199,2018
8,284,BRN,Bran2rmDbl,"2 Room Double,Branner",m,1035,811,800,800,2018
9,283,BRN,BrannerTrp,"Triple,Branner",m,1508,1363,1346,,2018
10,309,CRO,Any Cro,"Any,Crothers",m,2854,2774,2745,2745,2018
11,329,CRO,Cro1rmDbl,"1 Room Double,Crothers",m,2854,2774,2745,2745,2018
12,319,CRO,Cro1rmSgl,"1 Room Single,Crothers",m,1006,968,940,940,2018
13,61,FLO,Alondra,"Any,Alondra",m,,,,,2018
14,62,FLO,Any Cardenal,"Any,Cardenal",m,2597,2597,2597,2597,2018
15,397,FLO,Any E FloMo,"Any,East FloMo",m,2597,2597,2597,2597,2018
16,63,FLO,Any Faisan,"Any,Faisan",m,2597,2597,2597,2474,2018
17,60,FLO,Any FloMo,"Any,FloMo",m,2597,2597,2597,2597,2018
18,64,FLO,Any Gavilan,"Any,Gavilan",m,2285,1804,1804,1706,2018
19,65,FLO,Any Loro,"Any,Loro",m,2505,2299,2299,2194,2018
20,66,FLO,Any Mirlo,"Any,Mirlo",m,2512,2512,2476,2418,2018
21,67,FLO,Any Paloma,"Any,Paloma",m,2597,2568,2512,2458,2018
22,415,FLO,Any W FloMo,"Any,West FloMo",m,2597,2568,2512,2512,2018
23,399,FLO,Card1rmDbl,"1 Room Double,Cardenal",m,2597,2597,2597,2597,2018
24,398,FLO,Card1rmSgl,"1 Room Single,Cardenal",m,548,,,,2018
25,402,FLO,Fais1rmDbl,"1 Room Double,Faisan",m,2597,2597,2597,2474,2018
26,401,FLO,Fais1rmSgl,"1 Room Single,Faisan",m,856,325,,,2018
27,404,FLO,Gav1rmDbl,"1 Room Double,Gavilan",m,2285,1804,1804,1706,2018
28,403,FLO,Gav1rmSgl,"1 Room Single,Gavilan",m,901,,,,2018
29,406,FLO,Loro1rmDbl,"1 Room Double,Loro",m,2505,2299,2299,2194,2018
30,405,FLO,Loro1rmSgl,"1 Room Single,Loro",m,,,,,2018
31,408,FLO,Mrlo1rmDbl,"1 Room Double,Mirlo",m,2512,2512,2476,2418,2018
32,407,FLO,Mrlo1rmSgl,"1 Room Single,Mirlo",m,,,,,2018
33,410,FLO,Palo1rmDbl,"1 Room Double,Paloma",m,2597,2568,2512,2458,2018
34,409,FLO,Palo1rmSgl,"1 Room Single,Paloma",m,,,,,2018
35,203,GCQ,Any Castano,"Any,Castano",m,1688,1688,1688,1688,2018
36,201,GCQ,Any Kimball,"Any,Kimball",m,1722,1673,1661,1661,2018
37,202,GCQ,Any Lantana,"Any,Lantana",m,1755,1755,1706,1705,2018
38,200,GCQ,AnyGerhard,"Any,Gerhard Casper Quad",m,1755,1755,1722,1706,2018
39,252,GCQ,Cast1rmDbl,"1 Room Double,Castano",m,1688,1688,1688,1688,2018
40,251,GCQ,Cast1rmSgl,"1 Room Single,Castano",m,496,443,386,,2018
41,254,GCQ,Cast2rmDbl,"2 Room Double,Castano",m,1597,1566,1553,1553,2018
42,253,GCQ,CastanoTrp,"Triple,Castano",m,1589,1589,1589,1521,2018
43,255,GCQ,Humanities,"Any,Humanities House",m,1475,1375,1355,1355,2018
44,262,GCQ,Kim1rmDbl,"1 Room Double,Kimball",m,1722,1673,1661,1661,2018
45,261,GCQ,Kim1rmSgl,"1 Room Single,Kimball",m,674,651,628,571,2018
46,264,GCQ,Kim2rmDbl,"2 Room Double,Kimball",m,1560,1502,1469,1427,2018
47,263,GCQ,KimballTrp,"Triple,Kimball",m,,,,,2018
48,265,GCQ,KimQuad,"Quad,Kimball",m,1628,1628,1628,1628,2018
49,212,GCQ,Lant1rmDbl,"1 Room Double,Lantana",m,1755,1755,1706,1705,2018
50,211,GCQ,Lant1rmSgl,"1 Room Single,Lantana",m,294,294,294,294,2018
51,214,GCQ,Lant2rmDbl,"2 Room Double,Lantana",m,1603,1603,1593,1593,2018
52,213,GCQ,LantanaTrp,"Triple,LantanaTrpana",m,,,,,2018
53,81,GOV,Any EAST,"Any,EAST",m,2777,2777,2696,2696,2018
54,450,GOV,Any Gov Co,"Any,Gov Co",m,2854,2838,2833,2818,2018
55,82,GOV,Any Murray,"Any,Murray",m,2854,2838,2707,2707,2018
56,92,GOV,Any Potter,"Any,Potter",m,2854,2838,2833,2818,2018
57,93,GOV,Any Robinson,"Any,Robinson",m,2854,2838,2309,2309,2018
58,90,GOV,Any SterQuad,"Any,SterQuad",m,2854,2838,2833,2818,2018
59,87,GOV,Any Suites,"Any,Suites",m,500,500,307,307,2018
60,83,GOV,Any Yost,"Any,Yost",m,2854,2699,2699,2565,2018
61,442,GOV,EAST1rmDbl,"1 Room Double,EAST",m,2777,2777,2696,2696,2018
62,441,GOV,EAST1rmSgl,"1 Room Single,EAST",m,717,,,,2018
63,444,GOV,EAST2rmDbl,"2 Room Double,EAST",m,1174,1116,754,754,2018
64,443,GOV,EASTTrp,"Triple,EAST",m,,,,,2018
65,95,GOV,FroSoCo,"Any,FroSoCo",m,2313,1544,,,2018
66,452,GOV,Murr1rmDbl,"1 Room Double,Murray",m,2854,2838,2707,2707,2018
67,451,GOV,Murr1rmSgl,"1 Room Single,Murray",m,926,,,,2018
68,454,GOV,Murr2rmDbl,"2 Room Double,Murray",m,1697,1619,1619,1580,2018
69,85,GOV,Outdoor,",Outdoor House",m,590,509,488,488,2018
70,472,GOV,Pott1rmDbl,"1 Room Double,Potter",m,2854,2838,2833,2818,2018
71,471,GOV,Pott1rmSgl,"1 Room Single,Potter",m,731,115,,,2018
72,474,GOV,Pott2rmDbl,"2 Room Double,Potter",m,1846,1838,1790,1764,2018
73,473,GOV,PotterTrp,"Triple,Potter",m,,,,,2018
74,482,GOV,Robn1rmDbl,"1 Room Double,Robinson",m,2854,2838,2309,2309,2018
75,481,GOV,Robn1rmSgl,"1 Room Single,Robinson",m,776,525,,,2018
76,484,GOV,Robn2rmDbl,"2 Room Double,Robinson",m,2060,2056,1980,1964,2018
77,84,GOV,Suites 4,"4-room,Suites",m,758,758,758,,2018
78,86,GOV,Suites 6,"6-room,Suites 6",m,500,500,307,307,2018
79,462,GOV,Yost1rmDbl,"1 Room Double,Yost",m,2854,2699,2699,2565,2018
80,461,GOV,Yost1rmSgl,"1 Room Single,Yost",m,865,,,,2018
81,464,GOV,Yost2rmDbl,"2 Room Double,Yost",m,1069,1062,798,798,2018
82,434,LAG,Adel1rmDbl,"1 Room Double,Adelfa",m,1728,,,,2018
83,433,LAG,Adel1rmSgl,"1 Room Single,Adelfa",m,538,537,528,527,2018
84,51,LAG,Any Adelfa,"Any,Adelfa",m,1728,538,537,528,2018
85,52,LAG,Any Eucalipto,"Any,Eucalipto",m,1409,675,642,576,2018
86,53,LAG,Any Granada,"Any,Granada",m,1694,1694,1694,1096,2018
87,50,LAG,Any Lag,"Any,Lagunita",m,1728,1694,1694,1694,2018
88,490,LAG,Any Meier,"Any,Meier",m,1530,369,369,369,2018
89,55,LAG,Any Naranja,"Any,Naranja",m,1464,1464,1307,1307,2018
90,495,LAG,Any Norcliffe,"Any,Norcliffe",m,445,384,384,213,2018
91,54,LAG,Euc 1rmDbl,"1 Room Double,Eucalipto",m,1409,,,,2018
92,439,LAG,Euc Trpl,"Triple,Eucalipto",m,,,,,2018
93,438,LAG,Euc1rmSgl,"1 Room Single,Eucalipto",m,675,642,576,449,2018
94,430,LAG,Gran Trpl,"Triple,Granada",m,1694,1694,1694,,2018
95,437,LAG,Gran1rmDbl,"1 Room Double,Granada",m,1096,1096,,,2018
96,436,LAG,Gran1rmSgl,"1 Room Single,Granada",m,637,637,,,2018
97,492,LAG,Meier1rmDbl,"1 Room Double,Meier",m,1530,369,,,2018
98,492,LAG,Meier1rmDbl (focus),"1 Room Double,Meier",m,3000,3000,,,2018
99,491,LAG,Meier1rmSgl,"1 Room Single,Meier",m,164,139,112,101,2018
100,493,LAG,Meier2rmDbl,"2 Room Double,Meier",m,369,369,369,,2018
101,493,LAG,Meier2rmDbl (focus),"2 Room Double,Meier",m,1046,1046,1046,,2018
102,496,LAG,Norcliffe1rmSgl,"1 Room Single,Norcliffe",m,177,166,166,155,2018
103,498,LAG,Norcliffe2rmDbl,"2 Room Double,Norcliffe",m,445,384,384,213,2018
104,498,LAG,Norcliffe2rmDbl (focus),"2 Room Double,Norcliffe",m,1311,1156,1156,1120,2018
105,432,LAG,Nrja1rmDbl,"1 Room Double,Naranja",m,1464,1464,1307,1307,2018
106,431,LAG,Nrja1rmSgl,"1 Room Single,Naranja",m,667,667,664,626,2018
107,57,LAG,Ujamaa,"Any,Ujamaa",m,840,698,698,615,2018
108,57,LAG,"Ujamaa (ethnic,B)","Any,Ujamaa",m,1134,573,277,64,2018
109,19,MIR,Any Mirr,"Any,Mirrielees",m,,,,,2018
110,102,MIR,Mirr2brDbl,"Double,Mirrielees",m,,,,,2018
111,103,MIR,Mirr3brTrp,"Triple,Mirrielees",m,,,,,2018
112,350,MIR,MirSubFree,"Substance Free Housing,Mirrielees",m,,,,,2018
113,32,ROB,Any Roble,"Any,Roble",m,2658,2156,2147,1888,2018
114,412,ROB,Robl1rmDbl,"1 Room Double,Roble",m,1798,1728,1641,1591,2018
115,411,ROB,Robl1rmSgl,"1 Room Single,Roble",m,969,963,948,944,2018
116,414,ROB,Robl2rmDbl,"2 Room Double,Roble",m,878,878,,,2018
117,413,ROB,RobleTrp,"Triple,Roble",m,2658,2156,2147,1888,2018
118,981,ROW,576Alvarado,"Any,576 Alvarado",m,2211,1905,1850,1829,2018
119,908,ROW,680Lom Prm,"Premium,680 Lomita",m,546,474,474,474,2018
120,909,ROW,680Lom Std,"Standard,680 Lomita",m,906,741,701,656,2018
121,922,ROW,Any 680Lomita,"Any,680 Lomita",m,906,741,701,656,2018
122,986,ROW,Any BOB,"Any,BOB",m,554,554,542,439,2018
123,970,ROW,Any Durand,"Any,Durand",m,1505,1505,1505,1505,2018
124,966,ROW,Any French,"Any,French House",m,708,562,553,346,2018
125,987,ROW,Any Grove,"Any,Grove",m,1891,950,950,950,2018
126,964,ROW,Any HausMit,"Any,Haus Mitteleuropa",m,828,790,790,725,2018
127,965,ROW,Any Italian,"Any,La Casa Italiana",m,561,337,337,257,2018
128,990,ROW,Any Mars,"Any,Mars",m,691,691,691,691,2018
129,960,ROW,Any Narnia,"Any,Narnia",m,794,735,735,735,2018
130,968,ROW,Any PhiSig,"Any,Phi Sigma",m,872,872,646,646,2018
131,967,ROW,Any Pluto,"Any,Pluto",m,1891,1849,1752,1752,2018
132,901,ROW,Any Roth,"Any,Roth",m,,,,,2018
133,920,ROW,Any SelfOp,"Any,Self Op",m,1891,1860,1849,1752,2018
134,923,ROW,Any SelfOpLake,"Any,Self Op Lake",m,794,735,735,735,2018
135,979,ROW,Any SlavDom,"Any,Slavianskii Dom",m,1153,994,994,961,2018
136,930,ROW,Any Xanadu,"Any,Xanadu",m,913,780,769,769,2018
137,912,ROW,BOB Prm,"Premium,BOB",m,228,228,214,214,2018
138,913,ROW,BOB Std,"Standard,BOB",m,554,554,542,439,2018
139,983,ROW,Columbae,"Any,Columbae",m,2340,2051,2051,1745,2018
140,916,ROW,Durand Prm,"Premium,Durand",m,336,,,,2018
141,917,ROW,Durand Std,"Standard,Durand",m,1505,1505,1505,1505,2018
142,985,ROW,EBF,"Any,EBF",m,858,797,797,584,2018
143,924,ROW,French Prm,"Premium,French House",m,,,,,2018
144,925,ROW,French Std,"Standard,French House",m,708,562,553,346,2018
145,926,ROW,Grov Prm,"Premium,Grove",m,,,,,2018
146,927,ROW,Grov Std,"Standard,Grove",m,1891,950,950,950,2018
147,996,ROW,Hammarsk,"Any,Hammarskjold",m,744,744,302,79,2018
148,996,ROW,"Hammarsk (ethnic,I)","Any,Hammarskjold",m,3000,2961,2951,957,2018
149,937,ROW,HausMitPrm,"Premium,Haus Mitteleuropa",m,28,,,,2018
150,938,ROW,HausMitStd,"Standard,Haus Mitteleuropa",m,828,790,790,725,2018
151,939,ROW,ItalianPrm,"Premium,La Casa Italiana",m,187,87,87,82,2018
152,940,ROW,ItalianStd,"Standard,La Casa Italiana",m,561,337,337,257,2018
153,941,ROW,Jerry Prm,"Premium,Jerry",m,610,605,605,591,2018
154,976,ROW,Kairos,"Any,Kairos",m,1981,1727,991,911,2018
155,907,ROW,LwRwSelfOp,"Any,Lower Row Self Op",m,1356,980,913,906,2018
156,946,ROW,Mars Prm,"Premium,Mars",m,54,36,,,2018
157,947,ROW,Mars Std,"Standard,Mars",m,691,691,691,691,2018
158,978,ROW,Muwekma,"Any,Muwekma",m,954,405,,,2018
159,978,ROW,"Muwekma (ethnic,N)","Any,Muwekma",m,1729,1458,1180,,2018
160,948,ROW,Narnia Prm,"Premium,Narnia",m,794,735,672,672,2018
161,949,ROW,Narnia Std,"Standard,Narnia",m,794,735,735,,2018
162,951,ROW,Phi Sg Prm,"Premium,Phi Sigma",m,,,,,2018
163,952,ROW,Phi Sg Std,"Standard,Phi Sigma",m,872,872,646,646,2018
164,943,ROW,Pluto Prm,"Premium,Pluto",m,,,,,2018
165,944,ROW,Pluto Std,"Standard,Pluto",m,1891,1849,1752,1752,2018
166,953,ROW,Roth Prm,"Premium,Roth",m,,,,,2018
167,954,ROW,Roth Std,"Standard,Roth",m,,,,,2018
168,956,ROW,SlavDomPrm,"Premium,Slavianskii Dom",m,462,275,86,,2018
169,957,ROW,SlavDomStd,"Standard,Slavianskii Dom",m,1153,994,994,961,2018
170,993,ROW,Storey,"Any,Storey",m,1356,980,870,870,2018
171,997,ROW,Synergy,"Any,Synergy",m,2629,2629,2623,2478,2018
172,977,ROW,Terra,"Any,Terra",m,2940,2914,2852,2852,2018
173,921,ROW,UpRwSelfOp,"Any,Upper Row Self Op",m,1891,1860,1849,1752,2018
174,998,ROW,Xanadu Prm,"Premium,Xanadu",m,125,125,105,105,2018
175,999,ROW,Xanadu Std,"Standard,Xanadu",m,913,780,769,769,2018
176,994,ROW,ZAP,"Any,ZAP",m,1891,1860,1849,1752,2018
177,426,STN,Zapata,"Any,Zapata",m,2854,2838,2833,2818,2018
178,426,STN,"Zapata (ethnic,C)","Any,Zapata",m,3000,3000,3000,2353,2018
179,33,TOY,Any Toyon,"Any,Toyon",m,1542,1449,1379,1379,2018
180,292,TOY,Toy1rmDbl,"1 Room Double,Toyon",m,1379,1379,1379,1357,2018
181,291,TOY,Toy1rmSgl,"1 Room Single,Toyon",m,,,,,2018
182,294,TOY,Toy2rmDbl,"2 Room Double,Toyon",m,1272,1272,1270,1268,2018
183,295,TOY,ToyonQuad,"Quad,Toyon",m,,,,,2018
184,293,TOY,ToyonTrp,"Triple,Toyon",m,1542,1449,1379,1269,2018
185,741,WIL,Any Trancos,"Any,Trancos",m,2854,2838,2833,2818,2018
186,736,WIL,Okada,"Any,Okada",m,2854,2838,2833,2713,2018
187,736,WIL,"Okada (ethnic,A)","Any,Okada",m,3000,3000,3000,2838,2018
188,744,WIL,Trancos1rmDbl,"1 Room Double,Trancos",m,2854,2838,2833,2818,2018
189,743,WIL,Trancos1rmSgl,"1 Room Single,Trancos",m,,,,,2018
190,7,DRW,Any CCTH,"Any,CCTH",f,2018,2018,2010,2010,2018
191,1,DRW,Any Dorm,"Any,Dorm",f,2820,2820,2815,2812,2018
192,2,DRW,Any East,"Any,East Campus",f,2820,2820,2812,2812,2018
193,6,DRW,Any Res,"Any,Residence",f,2820,,,,2018
194,3,DRW,Any West,"Any,West Campus",f,2815,2795,2786,2759,2018
195,31,BRN,Any Branner,"Any,Branner",f,1585,1209,1209,1209,2018
196,282,BRN,Bran1rmDbl,"1 Room Double,Branner",f,1209,1209,604,604,2018
197,281,BRN,Bran1rmSgl,"1 Room Single,Branner",f,63,57,48,27,2018
198,284,BRN,Bran2rmDbl,"2 Room Double,Branner",f,658,595,595,566,2018
199,283,BRN,BrannerTrp,"Triple,Branner",f,1585,1209,1209,,2018
200,309,CRO,Any Cro,"Any,Crothers",f,2820,2820,2812,2812,2018
201,329,CRO,Cro1rmDbl,"1 Room Double,Crothers",f,2820,2820,2812,2812,2018
202,319,CRO,Cro1rmSgl,"1 Room Single,Crothers",f,928,877,857,850,2018
203,61,FLO,Alondra,"Any,Alondra",f,,,,,2018
204,62,FLO,Any Cardenal,"Any,Cardenal",f,2609,2609,2585,2585,2018
205,397,FLO,Any E FloMo,"Any,East FloMo",f,2815,2795,2609,2609,2018
206,63,FLO,Any Faisan,"Any,Faisan",f,2815,2795,2609,2609,2018
207,60,FLO,Any FloMo,"Any,FloMo",f,2815,2795,2609,2609,2018
208,64,FLO,Any Gavilan,"Any,Gavilan",f,2428,2428,2363,2347,2018
209,65,FLO,Any Loro,"Any,Loro",f,2512,2259,2259,2259,2018
210,66,FLO,Any Mirlo,"Any,Mirlo",f,2512,1943,1943,1857,2018
211,67,FLO,Any Paloma,"Any,Paloma",f,2512,2329,2329,2291,2018
212,415,FLO,Any W FloMo,"Any,West FloMo",f,2512,2443,2443,2329,2018
213,399,FLO,Card1rmDbl,"1 Room Double,Cardenal",f,2609,2609,2585,2585,2018
214,398,FLO,Card1rmSgl,"1 Room Single,Cardenal",f,639,,,,2018
215,402,FLO,Fais1rmDbl,"1 Room Double,Faisan",f,2815,2795,2609,2609,2018
216,401,FLO,Fais1rmSgl,"1 Room Single,Faisan",f,763,,,,2018
217,404,FLO,Gav1rmDbl,"1 Room Double,Gavilan",f,2428,2428,2363,2347,2018
218,403,FLO,Gav1rmSgl,"1 Room Single,Gavilan",f,,,,,2018
219,406,FLO,Loro1rmDbl,"1 Room Double,Loro",f,2512,2259,2259,2259,2018
220,405,FLO,Loro1rmSgl,"1 Room Single,Loro",f,,,,,2018
221,408,FLO,Mrlo1rmDbl,"1 Room Double,Mirlo",f,2512,1943,1943,1857,2018
222,407,FLO,Mrlo1rmSgl,"1 Room Single,Mirlo",f,620,,,,2018
223,410,FLO,Palo1rmDbl,"1 Room Double,Paloma",f,2512,2329,2329,2291,2018
224,409,FLO,Palo1rmSgl,"1 Room Single,Paloma",f,665,657,,,2018
225,203,GCQ,Any Castano,"Any,Castano",f,1854,1786,1786,1701,2018
226,201,GCQ,Any Kimball,"Any,Kimball",f,1612,1601,1601,1587,2018
227,202,GCQ,Any Lantana,"Any,Lantana",f,1604,1604,1604,1592,2018
228,200,GCQ,AnyGerhard,"Any,Gerhard Casper Quad",f,1854,1786,1786,1701,2018
229,252,GCQ,Cast1rmDbl,"1 Room Double,Castano",f,1701,1671,1671,1652,2018
230,251,GCQ,Cast1rmSgl,"1 Room Single,Castano",f,755,577,507,261,2018
231,254,GCQ,Cast2rmDbl,"2 Room Double,Castano",f,1470,1470,1452,1452,2018
232,253,GCQ,CastanoTrp,"Triple,Castano",f,1854,1786,1786,,2018
233,255,GCQ,Humanities,"Any,Humanities House",f,792,582,,,2018
234,262,GCQ,Kim1rmDbl,"1 Room Double,Kimball",f,1612,1601,1601,1587,2018
235,261,GCQ,Kim1rmSgl,"1 Room Single,Kimball",f,225,147,,,2018
236,264,GCQ,Kim2rmDbl,"2 Room Double,Kimball",f,1388,1323,1323,1322,2018
237,263,GCQ,KimballTrp,"Triple,Kimball",f,1476,1476,1476,,2018
238,265,GCQ,KimQuad,"Quad,Kimball",f,1422,1422,1422,1422,2018
239,212,GCQ,Lant1rmDbl,"1 Room Double,Lantana",f,1604,1604,1604,1552,2018
240,211,GCQ,Lant1rmSgl,"1 Room Single,Lantana",f,229,,,,2018
241,214,GCQ,Lant2rmDbl,"2 Room Double,Lantana",f,1442,1428,1428,1428,2018
242,213,GCQ,LantanaTrp,"Triple,LantanaTrpana",f,1592,1592,1592,,2018
243,81,GOV,Any EAST,"Any,EAST",f,2560,2560,2560,1957,2018
244,450,GOV,Any Gov Co,"Any,Gov Co",f,2795,2786,2759,2759,2018
245,82,GOV,Any Murray,"Any,Murray",f,2394,2074,2074,2074,2018
246,92,GOV,Any Potter,"Any,Potter",f,2795,2786,2759,2350,2018
247,93,GOV,Any Robinson,"Any,Robinson",f,2786,2759,2759,2737,2018
248,90,GOV,Any SterQuad,"Any,SterQuad",f,2795,2786,2759,2759,2018
249,87,GOV,Any Suites,"Any,Suites",f,1453,1387,1342,1342,2018
250,83,GOV,Any Yost,"Any,Yost",f,2610,1812,1812,1751,2018
251,442,GOV,EAST1rmDbl,"1 Room Double,EAST",f,1957,1803,1803,1803,2018
252,441,GOV,EAST1rmSgl,"1 Room Single,EAST",f,,,,,2018
253,444,GOV,EAST2rmDbl,"2 Room Double,EAST",f,1219,1078,754,754,2018
254,443,GOV,EASTTrp,"Triple,EAST",f,2560,2560,2560,,2018
255,95,GOV,FroSoCo,"Any,FroSoCo",f,2820,2371,1987,1483,2018
256,452,GOV,Murr1rmDbl,"1 Room Double,Murray",f,2394,2074,2074,2074,2018
257,451,GOV,Murr1rmSgl,"1 Room Single,Murray",f,118,,,,2018
258,454,GOV,Murr2rmDbl,"2 Room Double,Murray",f,1615,1594,1537,1537,2018
259,85,GOV,Outdoor,",Outdoor House",f,903,760,463,463,2018
260,472,GOV,Pott1rmDbl,"1 Room Double,Potter",f,2350,2350,2350,2350,2018
261,471,GOV,Pott1rmSgl,"1 Room Single,Potter",f,122,,,,2018
262,474,GOV,Pott2rmDbl,"2 Room Double,Potter",f,2142,2095,1968,1941,2018
263,473,GOV,PotterTrp,"Triple,Potter",f,2795,2786,2759,,2018
264,482,GOV,Robn1rmDbl,"1 Room Double,Robinson",f,2786,2759,2759,2737,2018
265,481,GOV,Robn1rmSgl,"1 Room Single,Robinson",f,1056,1021,,,2018
266,484,GOV,Robn2rmDbl,"2 Room Double,Robinson",f,2583,2576,2573,2527,2018
267,84,GOV,Suites 4,"4-room,Suites",f,168,758,,,2018
268,86,GOV,Suites 6,"6-room,Suites 6",f,1453,1387,1342,1342,2018
269,462,GOV,Yost1rmDbl,"1 Room Double,Yost",f,2610,1812,1812,1751,2018
270,461,GOV,Yost1rmSgl,"1 Room Single,Yost",f,,,,,2018
271,464,GOV,Yost2rmDbl,"2 Room Double,Yost",f,1637,1062,989,,2018
272,434,LAG,Adel1rmDbl,"1 Room Double,Adelfa",f,1529,1529,1254,1254,2018
273,433,LAG,Adel1rmSgl,"1 Room Single,Adelfa",f,408,367,352,341,2018
274,51,LAG,Any Adelfa,"Any,Adelfa",f,1529,1529,1254,1254,2018
275,52,LAG,Any Eucalipto,"Any,Eucalipto",f,1601,1409,1409,1409,2018
276,53,LAG,Any Granada,"Any,Granada",f,1702,1601,1601,1529,2018
277,50,LAG,Any Lag,"Any,Lagunita",f,1702,1601,1601,1529,2018
278,490,LAG,Any Meier,"Any,Meier",f,773,773,726,683,2018
279,55,LAG,Any Naranja,"Any,Naranja",f,1424,1424,630,629,2018
280,495,LAG,Any Norcliffe,"Any,Norcliffe",f,871,838,242,162,2018
281,54,LAG,Euc 1rmDbl,"1 Room Double,Eucalipto",f,1601,,,,2018
282,439,LAG,Euc Trpl,"Triple,Eucalipto",f,1601,1409,1409,,2018
283,438,LAG,Euc1rmSgl,"1 Room Single,Eucalipto",f,705,695,675,673,2018
284,430,LAG,Gran Trpl,"Triple,Granada",f,1702,1601,1601,,2018
285,437,LAG,Gran1rmDbl,"1 Room Double,Granada",f,1601,1096,,,2018
286,436,LAG,Gran1rmSgl,"1 Room Single,Granada",f,839,787,719,696,2018
287,492,LAG,Meier1rmDbl,"1 Room Double,Meier",f,,,,,2018
288,492,LAG,Meier1rmDbl (focus),"1 Room Double,Meier",f,,,,,2018
289,491,LAG,Meier1rmSgl,"1 Room Single,Meier",f,201,195,190,133,2018
290,493,LAG,Meier2rmDbl,"2 Room Double,Meier",f,773,773,726,683,2018
291,493,LAG,Meier2rmDbl (focus),"2 Room Double,Meier",f,1048,1046,,,2018
292,496,LAG,Norcliffe1rmSgl,"1 Room Single,Norcliffe",f,88,13,8,,2018
293,498,LAG,Norcliffe2rmDbl,"2 Room Double,Norcliffe",f,871,838,242,162,2018
294,498,LAG,Norcliffe2rmDbl (focus),"2 Room Double,Norcliffe",f,,,,,2018
295,432,LAG,Nrja1rmDbl,"1 Room Double,Naranja",f,1424,1424,,,2018
296,431,LAG,Nrja1rmSgl,"1 Room Single,Naranja",f,630,629,614,589,2018
297,57,LAG,Ujamaa,"Any,Ujamaa",f,14,,,,2018
298,57,LAG,"Ujamaa (ethnic,B)","Any,Ujamaa",f,,,,,2018
299,19,MIR,Any Mirr,"Any,Mirrielees",f,,,,,2018
300,102,MIR,Mirr2brDbl,"Double,Mirrielees",f,,,,,2018
301,103,MIR,Mirr3brTrp,"Triple,Mirrielees",f,,,,,2018
302,350,MIR,MirSubFree,"Substance Free Housing,Mirrielees",f,,,,,2018
303,32,ROB,Any Roble,"Any,Roble",f,2229,2229,1975,1975,2018
304,412,ROB,Robl1rmDbl,"1 Room Double,Roble",f,1908,1908,1908,1908,2018
305,411,ROB,Robl1rmSgl,"1 Room Single,Roble",f,942,937,934,921,2018
306,414,ROB,Robl2rmDbl,"2 Room Double,Roble",f,1377,1377,,,2018
307,413,ROB,RobleTrp,"Triple,Roble",f,2229,2229,1975,1975,2018
308,981,ROW,576Alvarado,"Any,576 Alvarado",f,2403,2036,1829,1689,2018
309,908,ROW,680Lom Prm,"Premium,680 Lomita",f,262,227,227,216,2018
310,909,ROW,680Lom Std,"Standard,680 Lomita",f,585,536,536,501,2018
311,922,ROW,Any 680Lomita,"Any,680 Lomita",f,585,536,536,501,2018
312,986,ROW,Any BOB,"Any,BOB",f,542,317,309,309,2018
313,970,ROW,Any Durand,"Any,Durand",f,952,952,924,924,2018
314,966,ROW,Any French,"Any,French House",f,578,438,438,370,2018
315,987,ROW,Any Grove,"Any,Grove",f,680,647,647,638,2018
316,964,ROW,Any HausMit,"Any,Haus Mitteleuropa",f,703,622,622,594,2018
317,965,ROW,Any Italian,"Any,La Casa Italiana",f,258,240,240,212,2018
318,990,ROW,Any Mars,"Any,Mars",f,473,473,414,414,2018
319,960,ROW,Any Narnia,"Any,Narnia",f,491,444,444,421,2018
320,968,ROW,Any PhiSig,"Any,Phi Sigma",f,633,633,633,633,2018
321,967,ROW,Any Pluto,"Any,Pluto",f,1350,1191,1191,1191,2018
322,901,ROW,Any Roth,"Any,Roth",f,1510,1415,1415,1362,2018
323,920,ROW,Any SelfOp,"Any,Self Op",f,1510,1415,1415,1362,2018
324,923,ROW,Any SelfOpLake,"Any,Self Op Lake",f,491,444,444,421,2018
325,979,ROW,Any SlavDom,"Any,Slavianskii Dom",f,883,772,772,736,2018
326,930,ROW,Any Xanadu,"Any,Xanadu",f,567,468,468,458,2018
327,912,ROW,BOB Prm,"Premium,BOB",f,65,65,65,65,2018
328,913,ROW,BOB Std,"Standard,BOB",f,542,317,309,309,2018
329,983,ROW,Columbae,"Any,Columbae",f,1149,1149,955,946,2018
330,916,ROW,Durand Prm,"Premium,Durand",f,,,,,2018
331,917,ROW,Durand Std,"Standard,Durand",f,952,952,924,924,2018
332,985,ROW,EBF,"Any,EBF",f,783,697,522,498,2018
333,924,ROW,French Prm,"Premium,French House",f,,,,,2018
334,925,ROW,French Std,"Standard,French House",f,578,438,438,370,2018
335,926,ROW,Grov Prm,"Premium,Grove",f,,,,,2018
336,927,ROW,Grov Std,"Standard,Grove",f,680,647,647,638,2018
337,996,ROW,Hammarsk,"Any,Hammarskjold",f,1771,900,768,482,2018
338,996,ROW,"Hammarsk (ethnic,I)","Any,Hammarskjold",f,1732,751,283,,2018
339,937,ROW,HausMitPrm,"Premium,Haus Mitteleuropa",f,,,,,2018
340,938,ROW,HausMitStd,"Standard,Haus Mitteleuropa",f,703,622,622,594,2018
341,939,ROW,ItalianPrm,"Premium,La Casa Italiana",f,18,,,,2018
342,940,ROW,ItalianStd,"Standard,La Casa Italiana",f,258,240,240,212,2018
343,941,ROW,Jerry Prm,"Premium,Jerry",f,351,351,351,351,2018
344,976,ROW,Kairos,"Any,Kairos",f,1461,1246,1009,1009,2018
345,907,ROW,LwRwSelfOp,"Any,Lower Row Self Op",f,585,567,542,536,2018
346,946,ROW,Mars Prm,"Premium,Mars",f,,,,,2018
347,947,ROW,Mars Std,"Standard,Mars",f,473,473,414,414,2018
348,978,ROW,Muwekma,"Any,Muwekma",f,,,,,2018
349,978,ROW,"Muwekma (ethnic,N)","Any,Muwekma",f,,,,,2018
350,948,ROW,Narnia Prm,"Premium,Narnia",f,491,444,444,421,2018
351,949,ROW,Narnia Std,"Standard,Narnia",f,,,,,2018
352,951,ROW,Phi Sg Prm,"Premium,Phi Sigma",f,,,,,2018
353,952,ROW,Phi Sg Std,"Standard,Phi Sigma",f,633,633,633,633,2018
354,943,ROW,Pluto Prm,"Premium,Pluto",f,,,,,2018
355,944,ROW,Pluto Std,"Standard,Pluto",f,1350,1191,1191,1191,2018
356,953,ROW,Roth Prm,"Premium,Roth",f,275,135,129,129,2018
357,954,ROW,Roth Std,"Standard,Roth",f,1510,1415,1415,1362,2018
358,956,ROW,SlavDomPrm,"Premium,Slavianskii Dom",f,,,,,2018
359,957,ROW,SlavDomStd,"Standard,Slavianskii Dom",f,883,772,772,736,2018
360,993,ROW,Storey,"Any,Storey",f,483,483,471,471,2018
361,997,ROW,Synergy,"Any,Synergy",f,979,923,882,789,2018
362,977,ROW,Terra,"Any,Terra",f,2811,2349,2335,2335,2018
363,921,ROW,UpRwSelfOp,"Any,Upper Row Self Op",f,1510,1415,1415,1362,2018
364,998,ROW,Xanadu Prm,"Premium,Xanadu",f,124,99,81,72,2018
365,999,ROW,Xanadu Std,"Standard,Xanadu",f,567,468,468,458,2018
366,994,ROW,ZAP,"Any,ZAP",f,1061,1061,983,983,2018
367,426,STN,Zapata,"Any,Zapata",f,1939,1939,1918,1878,2018
368,426,STN,"Zapata (ethnic,C)","Any,Zapata",f,1869,1459,1345,1345,2018
369,33,TOY,Any Toyon,"Any,Toyon",f,1606,1443,1443,1443,2018
370,292,TOY,Toy1rmDbl,"1 Room Double,Toyon",f,1392,1392,1312,1312,2018
371,291,TOY,Toy1rmSgl,"1 Room Single,Toyon",f,,,,,2018
372,294,TOY,Toy2rmDbl,"2 Room Double,Toyon",f,1316,1263,1263,1260,2018
373,295,TOY,ToyonQuad,"Quad,Toyon",f,1606,1443,1443,1443,2018
374,293,TOY,ToyonTrp,"Triple,Toyon",f,1606,1443,1443,1443,2018
375,741,WIL,Any Trancos,"Any,Trancos",f,2820,2817,2817,2817,2018
376,736,WIL,Okada,"Any,Okada",f,2018,2018,2010,2010,2018
377,736,WIL,"Okada (ethnic,A)","Any,Okada",f,2674,2600,2075,1970,2018
378,744,WIL,Trancos1rmDbl,"1 Room Double,Trancos",f,2820,2817,2817,2817,2018
379,743,WIL,Trancos1rmSgl,"1 Room Single,Trancos",f,,,,,2018
380,31,BRN,Any Branner,"Any,Branner",m,1405,1405,1349,1349,2017
381,281,BRN,Bran1rmSgl,"1 Room Single,Branner",m,209,194,156,146,2017
382,282,BRN,Bran1rmDbl,"1 Room Double,Branner",m,1349,1349,1054,1054,2017
383,283,BRN,BrannerTrp,"Triple,Branner",m,1405,1405,1349,,2017
384,284,BRN,Bran2rmDbl,"2 Room Double,Branner",m,1269,1269,1265,1261,2017
385,309,CRO,Any Cro,"Any,Crothers",m,2939,2924,2924,2924,2017
386,319,CRO,Cro1rmSgl,"1 Room Single,Crothers",m,1258,1258,1253,1186,2017
387,329,CRO,Cro1rmDbl,"1 Room Double,Crothers",m,2939,2924,2924,2924,2017
388,6,DRW,Any Res,"Any,Residence",m,2939,,,,2017
389,1,DRW,Any Dorm,"Any,Dorm",m,2939,2924,2924,2924,2017
390,2,DRW,Any East,"Any,East Campus",m,2939,2924,2924,2924,2017
391,3,DRW,Any West,"Any,West Campus",m,2851,2834,2834,2805,2017
392,7,DRW,Any CCTH,"Any,CCTH",m,2939,2929,2929,2929,2017
393,60,FM,Any FloMo,"Any,FloMo",m,2805,2786,2775,2775,2017
394,397,FM,Any E FloMo,"Any,East FloMo",m,2684,2684,2684,2684,2017
395,61,FM,Alondra,"Any,Alondra",m,,,,,2017
396,62,FM,Any Cardenal,"Any,Cardenal",m,2684,2684,2684,2675,2017
397,398,FM,Card1rmSgl,"1 Room Single,Cardenal",m,,,,,2017
398,399,FM,Card1rmDbl,"1 Room Double,Cardenal",m,2684,2684,2684,2675,2017
399,63,FM,Any Faisan,"Any,Faisan",m,2684,2550,2510,2510,2017
400,401,FM,Fais1rmSgl,"1 Room Single,Faisan",m,504,,,,2017
401,402,FM,Fais1rmDbl,"1 Room Double,Faisan",m,2684,2550,2510,2510,2017
402,415,FM,Any W FloMo,"Any,West FloMo",m,2805,2786,2775,2775,2017
403,65,FM,Any Loro,"Any,Loro",m,2805,2786,2736,2736,2017
404,405,FM,Loro1rmSgl,"1 Room Single,Loro",m,268,,,,2017
405,406,FM,Loro1rmDbl,"1 Room Double,Loro",m,2805,2786,2736,2736,2017
406,66,FM,Any Mirlo,"Any,Mirlo",m,2545,2545,2545,2545,2017
407,407,FM,Mrlo1rmSgl,"1 Room Single,Mirlo",m,,,,,2017
408,408,FM,Mrlo1rmDbl,"1 Room Double,Mirlo",m,2545,2545,2545,2545,2017
409,67,FM,Any Paloma,"Any,Paloma",m,2805,2786,2775,2775,2017
410,409,FM,Palo1rmSgl,"1 Room Single,Paloma",m,,,,,2017
411,410,FM,Palo1rmDbl,"1 Room Double,Paloma",m,2805,2786,2775,2775,2017
412,64,FM,Any Gavilan,"Any,Gavilan",m,2819,2819,2158,2158,2017
413,403,FM,Gav1rmSgl,"1 Room Single,Gavilan",m,962,,,,2017
414,404,FM,Gav1rmDbl,"1 Room Double,Gavilan",m,2819,2819,2158,2158,2017
415,450,GC,Any Gov Co,"Any,Gov Co",m,2851,2834,2834,2805,2017
416,81,GC,Any EAST,"Any,EAST",m,2577,2577,2577,2577,2017
417,441,GC,EAST1rmSgl,"1 Room Single,EAST",m,,,,,2017
418,442,GC,EAST1rmDbl,"1 Room Double,EAST",m,2577,2577,2577,2577,2017
419,443,GC,EASTTrp,"Triple,EAST",m,,,,,2017
420,444,GC,EAST2rmDbl,"2 Room Double,EAST",m,1487,1487,1484,1369,2017
421,82,GC,Any Murray,"Any,Murray",m,1915,1915,1843,1843,2017
422,451,GC,Murr1rmSgl,"1 Room Single,Murray",m,,,,,2017
423,452,GC,Murr1rmDbl,"1 Room Double,Murray",m,1915,1915,1843,1843,2017
424,454,GC,Murr2rmDbl,"2 Room Double,Murray",m,,,,,2017
425,83,GC,Any Yost,"Any,Yost",m,2851,2834,2834,2805,2017
426,461,GC,Yost1rmSgl,"1 Room Single,Yost",m,501,451,199,20,2017
427,462,GC,Yost1rmDbl,"1 Room Double,Yost",m,2851,2834,2834,2805,2017
428,464,GC,Yost2rmDbl,"2 Room Double,Yost",m,1345,1324,1324,1324,2017
429,87,GC,Any Suites,"Any,Suites",m,1923,1923,1923,1771,2017
430,84,GC,Suites 4,"4-room,Suites",m,1431,549,549,549,2017
431,86,GC,Suites 6,"6-room,Suites 6",m,1923,1923,1923,1771,2017
432,90,GC,Any SterQuad,"Any,SterQuad",m,2657,2657,2657,2374,2017
433,92,GC,Any Potter,"Any,Potter",m,2657,2657,2657,2175,2017
434,471,GC,Pott1rmSgl,"1 Room Single,Potter",m,844,,,,2017
435,472,GC,Pott1rmDbl,"1 Room Double,Potter",m,1121,,,,2017
436,473,GC,PotterTrp,"Triple,Potter",m,2657,2657,2657,,2017
437,474,GC,Pott2rmDbl,"2 Room Double,Potter",m,2175,2140,2086,2030,2017
438,93,GC,Any Robinson,"Any,Robinson",m,2374,2374,2348,2343,2017
439,481,GC,Robn1rmSgl,"1 Room Single,Robinson",m,1063,288,198,,2017
440,482,GC,Robn1rmDbl,"1 Room Double,Robinson",m,2374,2374,2348,1831,2017
441,484,GC,Robn2rmDbl,"2 Room Double,Robinson",m,2343,2343,2334,2334,2017
442,95,GC,FroSoCo,"Any,FroSoCo",m,1590,,,,2017
443,85,GC,Jenkins,",Outdoor House",m,759,733,721,721,2017
444,42,HOP,Belden,,m,,,,,2017
445,50,LAG,Any Lag,"Any,Lagunita",m,2095,1993,1993,1981,2017
446,51,LAG,Any Adelfa,"Any,Adelfa",m,1426,1426,1217,1141,2017
447,433,LAG,Adel1rmSgl,"1 Room Single,Adelfa",m,192,192,,,2017
448,434,LAG,Adel1rmDbl,"1 Room Double,Adelfa",m,1426,1426,1217,1141,2017
449,52,LAG,Any Eucalipto,"Any,Eucalipto",m,2095,1993,1993,1800,2017
450,54,LAG,Euc 1rmDbl,"1 Room Double,Eucalipto",m,1993,1993,1800,1334,2017
451,430,LAG,Gran Trpl,"Triple,Granada",m,1394,1394,1394,,2017
452,438,LAG,Euc1rmSgl,"1 Room Single,Eucalipto",m,712,712,628,543,2017
453,439,LAG,Euc Trpl,"Triple,Eucalipto",m,2095,1576,1576,,2017
454,53,LAG,Any Granada,"Any,Granada",m,2095,1849,617,,2017
455,436,LAG,Gran1rmSgl,"1 Room Single,Granada",m,617,,,,2017
456,437,LAG,Gran1rmDbl,"1 Room Double,Granada",m,2095,1849,,,2017
457,55,LAG,Any Naranja,"Any,Naranja",m,1926,1429,1429,714,2017
458,431,LAG,Nrja1rmSgl,"1 Room Single,Naranja",m,714,668,668,509,2017
459,432,LAG,Nrja1rmDbl,"1 Room Double,Naranja",m,1926,1429,1429,,2017
460,491,LAG,Meier1rmSgl,"1 Room Single,Meier",m,1,,,,2017
461,493,LAG,Meier2rmDbl,"2 Room Double,Meier",m,898,898,898,898,2017
462,496,LAG,Norcliffe1rmSgl,"1 Room Single,Norcliffe",m,225,173,148,148,2017
463,498,LAG,Norcliffe2rmDbl,"2 Room Double,Norcliffe",m,809,809,809,662,2017
464,492,LAG,Meier1rmDbl,"1 Room Double,Meier",m,,,,,2017
465,497,LAG,Norcliffe1rmDbl,,m,,,,,2017
466,57,LAG,Ujamaa,"Any,Ujamaa",m,999,802,749,652,2017
467,57,LAG,"Ujamaa (ethnic,B)","Any,Ujamaa",m,1258,1245,903,877,2017
468,200,MAN,Any Manz,"Any,Gerhard Casper Quad",m,1760,1760,1760,1760,2017
469,201,MAN,Any Kimball,"Any,Kimball",m,1682,1682,1682,1682,2017
470,261,MAN,Kim1rmSgl,"1 Room Single,Kimball",m,737,570,540,511,2017
471,262,MAN,Kim1rmDbl,"1 Room Double,Kimball",m,1682,1682,1682,1682,2017
472,263,MAN,KimballTrp,"Triple,Kimball",m,,,,,2017
473,264,MAN,Kim2rmDbl,"2 Room Double,Kimball",m,1579,1552,1515,1494,2017
474,265,MAN,KimQuad,"Quad,Kimball",m,1354,1354,1354,1354,2017
475,202,MAN,Any Lantana,"Any,Lantana",m,1760,1609,1609,1609,2017
476,211,MAN,Lant1rmSgl,"1 Room Single,Lantana",m,820,655,591,250,2017
477,212,MAN,Lant1rmDbl,"1 Room Double,Lantana",m,1609,1609,1609,1567,2017
478,213,MAN,LantanaTrp,"Triple,LantanaTrpana",m,1760,1532,1532,,2017
479,214,MAN,Lant2rmDbl,"2 Room Double,Lantana",m,1479,1479,1479,1479,2017
480,203,MAN,Any Castano,"Any,Castano",m,1760,1760,1760,1760,2017
481,251,MAN,Cast1rmSgl,"1 Room Single,Castano",m,823,812,810,579,2017
482,252,MAN,Cast1rmDbl,"1 Room Double,Castano",m,1760,1760,1760,1760,2017
483,253,MAN,CastanoTrp,"Triple,Castano",m,1760,1760,1760,,2017
484,254,MAN,Cast2rmDbl,"2 Room Double,Castano",m,1599,1599,1599,1599,2017
485,255,MAN,Humanities,"Any,Humanities House",m,1287,1287,1287,1287,2017
486,19,MIR,Any Mirr,"Any,Mirrielees",m,10,10,,,2017
487,102,MIR,Mirr2brDbl,"Double,Mirrielees",m,10,,,,2017
488,103,MIR,Mirr3brTrp,"Triple,Mirrielees",m,10,,,,2017
489,350,MIR,MirSubFree,"Substance Free Housing,Mirrielees",m,,,,,2017
490,32,ROB,Any Roble,"Any,Roble",m,1989,1989,1989,1984,2017
491,411,ROB,Robl1rmSgl,"1 Room Single,Roble",m,1105,1105,1074,1027,2017
492,412,ROB,Robl1rmDbl,"1 Room Double,Roble",m,1956,1862,1862,1792,2017
493,413,ROB,RobleTrp,"Triple,Roble",m,1989,1989,1989,1984,2017
494,414,ROB,Robl2rmDbl,"2 Room Double,Roble",m,1018,1018,,,2017
495,978,ROW,Muwekma,"Any,Muwekma",m,1167,1167,853,218,2017
496,978,ROW,"Muwekma (ethnic,N)","Any,Muwekma",m,1562,1562,,,2017
497,920,ROW,Any SelfOp,"Any,Self Op",m,1251,1173,1103,1051,2017
498,907,ROW,LwRwSelfOp,"Any,Lower Row Self Op",m,835,835,756,723,2017
499,922,ROW,Any 680Lomita,"Any,680 Lomita",m,605,605,494,494,2017
500,908,ROW,680Lom Prm,"Premium,680 Lomita",m,494,494,487,487,2017
501,909,ROW,680Lom Std,"Standard,680 Lomita",m,605,605,,,2017
502,930,ROW,Any Xanadu,"Any,Xanadu",m,571,571,550,550,2017
503,998,ROW,Xanadu Prm,"Premium,Xanadu",m,145,95,80,80,2017
504,999,ROW,Xanadu Std,"Standard,Xanadu",m,571,571,550,550,2017
505,965,ROW,Any Italian,"Any,La Casa Italiana",m,324,287,149,149,2017
506,939,ROW,ItalianPrm,"Premium,La Casa Italiana",m,63,63,63,59,2017
507,940,ROW,ItalianStd,"Standard,La Casa Italiana",m,324,287,149,149,2017
508,986,ROW,Any BOB,"Any,BOB",m,409,329,320,260,2017
509,912,ROW,BOB Prm,"Premium,BOB",m,170,110,100,100,2017
510,913,ROW,BOB Std,"Standard,BOB",m,409,329,320,260,2017
511,990,ROW,Any Mars,"Any,Mars",m,756,687,648,609,2017
512,946,ROW,Mars Prm,"Premium,Mars",m,29,,,,2017
513,947,ROW,Mars Std,"Standard,Mars",m,756,687,648,609,2017
514,993,ROW,Storey,"Any,Storey",m,835,835,723,723,2017
515,921,ROW,UpRwSelfOp,"Any,Upper Row Self Op",m,1251,1173,1103,1051,2017
516,901,ROW,Any Roth,"Any,Roth",m,,,,,2017
517,953,ROW,Roth Prm,"Premium,Roth",m,,,,,2017
518,954,ROW,Roth Std,"Standard,Roth",m,,,,,2017
519,955,ROW,Any 717Dolores,,m,1251,1173,1103,1051,2017
520,910,ROW,717Dol Prm,,m,,,,,2017
521,911,ROW,717Dol Std,,m,1251,1173,1103,1051,2017
522,964,ROW,Any HausMit,"Any,Haus Mitteleuropa",m,665,637,627,610,2017
523,937,ROW,HausMitPrm,"Premium,Haus Mitteleuropa",m,,,,,2017
524,938,ROW,HausMitStd,"Standard,Haus Mitteleuropa",m,665,637,627,610,2017
525,966,ROW,Any French,"Any,French House",m,532,465,465,376,2017
526,924,ROW,French Prm,"Premium,French House",m,,,,,2017
527,925,ROW,French Std,"Standard,French House",m,532,465,465,376,2017
528,968,ROW,Any PhiSig,"Any,Phi Sigma",m,895,895,836,800,2017
529,951,ROW,Phi Sg Prm,"Premium,Phi Sigma",m,201,,,,2017
530,952,ROW,Phi Sg Std,"Standard,Phi Sigma",m,895,895,836,800,2017
531,970,ROW,Any Durand,"Any,Durand",m,981,981,977,977,2017
532,916,ROW,Durand Prm,"Premium,Durand",m,,,,,2017
533,917,ROW,Durand Std,"Standard,Durand",m,981,981,977,977,2017
534,979,ROW,Any SlavDom,"Any,Slavianskii Dom",m,926,858,821,821,2017
535,956,ROW,SlavDomPrm,"Premium,Slavianskii Dom",m,200,200,124,,2017
536,957,ROW,SlavDomStd,"Standard,Slavianskii Dom",m,926,858,821,821,2017
537,987,ROW,Any Grove,"Any,Grove",m,961,932,932,931,2017
538,926,ROW,Grov Prm,"Premium,Grove",m,,,,,2017
539,927,ROW,Grov Std,"Standard,Grove",m,961,932,932,931,2017
540,923,ROW,Any SelfOpLake,"Any,Self Op Lake",m,634,634,630,630,2017
541,941,ROW,Jerry Prm,"Premium,Jerry",m,486,418,418,405,2017
542,960,ROW,Any Narnia,"Any,Narnia",m,634,634,630,630,2017
543,948,ROW,Narnia Prm,"Premium,Narnia",m,634,634,630,630,2017
544,949,ROW,Narnia Std,"Standard,Narnia",m,,,,,2017
545,994,ROW,ZAP,"Any,ZAP",m,908,908,878,878,2017
546,800,ROW,Greek,,m,,,,,2017
547,976,ROW,Kairos,"Any,Kairos",m,946,946,914,914,2017
548,977,ROW,Terra,"Any,Terra",m,2888,2885,2856,2788,2017
549,981,ROW,576Alvarado,"Any,576 Alvarado",m,1028,919,840,694,2017
550,983,ROW,Columbae,"Any,Columbae",m,1538,1337,1242,966,2017
551,985,ROW,EBF,"Any,EBF",m,874,741,740,740,2017
552,996,ROW,Hammarsk,"Any,Hammarskjold",m,1224,1139,957,943,2017
553,996,ROW,"Hammarsk (ethnic,I)","Any,Hammarskjold",m,1911,986,801,322,2017
554,997,ROW,Synergy,"Any,Synergy",m,948,918,918,883,2017
555,426,STN,Zapata,"Any,Zapata",m,2939,2929,2929,2929,2017
556,426,STN,"Zapata (ethnic,C)","Any,Zapata",m,2891,2557,1799,1722,2017
557,33,TOY,Any Toyon,"Any,Toyon",m,1740,1530,1432,1400,2017
558,291,TOY,Toy1rmSgl,"1 Room Single,Toyon",m,,,,,2017
559,292,TOY,Toy1rmDbl,"1 Room Double,Toyon",m,1432,1285,1285,1285,2017
560,293,TOY,ToyonTrp,"Triple,Toyon",m,1740,1530,1400,1400,2017
561,294,TOY,Toy2rmDbl,"2 Room Double,Toyon",m,1247,1247,1247,1247,2017
562,295,TOY,ToyonQuad,"Quad,Toyon",m,,,,,2017
563,736,WIL,Okada,"Any,Okada",m,2939,2929,2929,2779,2017
564,736,WIL,"Okada (ethnic,A)","Any,Okada",m,2864,2569,2224,2159,2017
565,741,WIL,TrancosAny,"Any,Trancos",m,2939,2929,2929,2929,2017
566,743,WIL,Trancos1rmSgl,"1 Room Single,Trancos",m,,,,,2017
567,744,WIL,Trancos1rmDbl,"1 Room Double,Trancos",m,2939,2929,2929,2929,2017
568,31,BRN,Any Branner,"Any,Branner",f,1526,1256,1256,1175,2017
569,281,BRN,Bran1rmSgl,"1 Room Single,Branner",f,212,188,184,151,2017
570,282,BRN,Bran1rmDbl,"1 Room Double,Branner",f,1526,1256,1256,1175,2017
571,283,BRN,BrannerTrp,"Triple,Branner",f,,,,,2017
572,284,BRN,Bran2rmDbl,"2 Room Double,Branner",f,830,,,,2017
573,309,CRO,Any Cro,"Any,Crothers",f,2900,2897,2860,2860,2017
574,319,CRO,Cro1rmSgl,"1 Room Single,Crothers",f,956,941,939,939,2017
575,329,CRO,Cro1rmDbl,"1 Room Double,Crothers",f,2900,2897,2860,2860,2017
576,6,DRW,Any Res,"Any,Residence",f,2935,,,,2017
577,1,DRW,Any Dorm,"Any,Dorm",f,2935,2916,2909,2909,2017
578,2,DRW,Any East,"Any,East Campus",f,2900,2897,2860,2860,2017
579,3,DRW,Any West,"Any,West Campus",f,2935,2916,2909,2909,2017
580,7,DRW,Any CCTH,"Any,CCTH",f,2935,2916,2909,2909,2017
581,60,FM,Any FloMo,"Any,FloMo",f,2658,2641,2641,2616,2017
582,397,FM,Any E FloMo,"Any,East FloMo",f,2658,2641,2641,2616,2017
583,61,FM,Alondra,"Any,Alondra",f,,,,,2017
584,62,FM,Any Cardenal,"Any,Cardenal",f,2616,2616,2605,2605,2017
585,398,FM,Card1rmSgl,"1 Room Single,Cardenal",f,,,,,2017
586,399,FM,Card1rmDbl,"1 Room Double,Cardenal",f,2616,2616,2605,2605,2017
587,63,FM,Any Faisan,"Any,Faisan",f,2658,2641,2641,2616,2017
588,401,FM,Fais1rmSgl,"1 Room Single,Faisan",f,831,817,504,,2017
589,402,FM,Fais1rmDbl,"1 Room Double,Faisan",f,2658,2641,2641,2616,2017
590,415,FM,Any W FloMo,"Any,West FloMo",f,2509,2494,2494,2494,2017
591,65,FM,Any Loro,"Any,Loro",f,2509,2387,2387,2387,2017
592,405,FM,Loro1rmSgl,"1 Room Single,Loro",f,,,,,2017
593,406,FM,Loro1rmDbl,"1 Room Double,Loro",f,2509,2387,2387,2387,2017
594,66,FM,Any Mirlo,"Any,Mirlo",f,1999,1568,1568,1568,2017
595,407,FM,Mrlo1rmSgl,"1 Room Single,Mirlo",f,730,,,,2017
596,408,FM,Mrlo1rmDbl,"1 Room Double,Mirlo",f,1999,1568,1568,1568,2017
597,67,FM,Any Paloma,"Any,Paloma",f,2509,2494,2494,2494,2017
598,409,FM,Palo1rmSgl,"1 Room Single,Paloma",f,,,,,2017
599,410,FM,Palo1rmDbl,"1 Room Double,Paloma",f,2509,2494,2494,2494,2017
600,64,FM,Any Gavilan,"Any,Gavilan",f,2566,2540,2540,2340,2017
601,403,FM,Gav1rmSgl,"1 Room Single,Gavilan",f,,,,,2017
602,404,FM,Gav1rmDbl,"1 Room Double,Gavilan",f,2566,2540,2540,2340,2017
603,450,GC,Any Gov Co,"Any,Gov Co",f,2935,2916,2909,2909,2017
604,81,GC,Any EAST,"Any,EAST",f,2475,2392,2392,2392,2017
605,441,GC,EAST1rmSgl,"1 Room Single,EAST",f,,,,,2017
606,442,GC,EAST1rmDbl,"1 Room Double,EAST",f,2475,2392,2392,2392,2017
607,443,GC,EASTTrp,"Triple,EAST",f,,,,,2017
608,444,GC,EAST2rmDbl,"2 Room Double,EAST",f,1629,1598,1574,1378,2017
609,82,GC,Any Murray,"Any,Murray",f,2678,2678,2586,2199,2017
610,451,GC,Murr1rmSgl,"1 Room Single,Murray",f,752,,,,2017
611,452,GC,Murr1rmDbl,"1 Room Double,Murray",f,2678,2678,2586,2199,2017
612,454,GC,Murr2rmDbl,"2 Room Double,Murray",f,1363,1351,1348,1348,2017
613,83,GC,Any Yost,"Any,Yost",f,1881,1240,1240,1240,2017
614,461,GC,Yost1rmSgl,"1 Room Single,Yost",f,758,488,399,,2017
615,462,GC,Yost1rmDbl,"1 Room Double,Yost",f,1881,1240,1240,1240,2017
616,464,GC,Yost2rmDbl,"2 Room Double,Yost",f,1046,1046,803,,2017
617,87,GC,Any Suites,"Any,Suites",f,1277,1143,963,963,2017
618,84,GC,Suites 4,"4-room,Suites",f,1143,837,585,1431,2017
619,86,GC,Suites 6,"6-room,Suites 6",f,1277,963,963,2718,2017
620,90,GC,Any SterQuad,"Any,SterQuad",f,2935,2916,2909,2909,2017
621,92,GC,Any Potter,"Any,Potter",f,2935,2916,2909,2909,2017
622,471,GC,Pott1rmSgl,"1 Room Single,Potter",f,964,890,867,850,2017
623,472,GC,Pott1rmDbl,"1 Room Double,Potter",f,2935,2916,2909,2909,2017
624,473,GC,PotterTrp,"Triple,Potter",f,,,,,2017
625,474,GC,Pott2rmDbl,"2 Room Double,Potter",f,2201,2201,2101,2101,2017
626,93,GC,Any Robinson,"Any,Robinson",f,2935,2916,2909,2909,2017
627,481,GC,Robn1rmSgl,"1 Room Single,Robinson",f,947,947,,,2017
628,482,GC,Robn1rmDbl,"1 Room Double,Robinson",f,2935,2916,2909,2909,2017
629,484,GC,Robn2rmDbl,"2 Room Double,Robinson",f,2414,2337,2337,2337,2017
630,95,GC,FroSoCo,"Any,FroSoCo",f,2935,2916,1631,,2017
631,85,GC,Jenkins,",Outdoor House",f,976,921,841,618,2017
632,50,LAG,Any Lag,"Any,Lagunita",f,1885,1717,1699,1697,2017
633,51,LAG,Any Adelfa,"Any,Adelfa",f,1435,1435,1426,1426,2017
634,433,LAG,Adel1rmSgl,"1 Room Single,Adelfa",f,672,671,670,645,2017
635,434,LAG,Adel1rmDbl,"1 Room Double,Adelfa",f,1435,1435,1426,1426,2017
636,52,LAG,Any Eucalipto,"Any,Eucalipto",f,1885,1717,1699,1394,2017
637,54,LAG,Euc 1rmDbl,"1 Room Double,Eucalipto",f,1717,1699,1334,1334,2017
638,430,LAG,Gran Trpl,"Triple,Granada",f,1885,1394,1394,,2017
639,438,LAG,Euc1rmSgl,"1 Room Single,Eucalipto",f,704,704,704,704,2017
640,439,LAG,Euc Trpl,"Triple,Eucalipto",f,,,,,2017
641,53,LAG,Any Granada,"Any,Granada",f,1697,1697,,,2017
642,436,LAG,Gran1rmSgl,"1 Room Single,Granada",f,,,,,2017
643,437,LAG,Gran1rmDbl,"1 Room Double,Granada",f,1697,1697,,,2017
644,55,LAG,Any Naranja,"Any,Naranja",f,574,568,527,493,2017
645,431,LAG,Nrja1rmSgl,"1 Room Single,Naranja",f,574,568,527,493,2017
646,432,LAG,Nrja1rmDbl,"1 Room Double,Naranja",f,,,,,2017
647,491,LAG,Meier1rmSgl,"1 Room Single,Meier",f,360,335,279,246,2017
648,493,LAG,Meier2rmDbl,"2 Room Double,Meier",f,747,747,520,520,2017
649,496,LAG,Norcliffe1rmSgl,"1 Room Single,Norcliffe",f,524,497,475,456,2017
650,498,LAG,Norcliffe2rmDbl,"2 Room Double,Norcliffe",f,1244,1244,1192,1192,2017
651,492,LAG,Meier1rmDbl,"1 Room Double,Meier",f,,,,,2017
652,57,LAG,Ujamaa,"Any,Ujamaa",f,,,,,2017
653,57,LAG,"Ujamaa (ethnic,B)","Any,Ujamaa",f,425,107,,,2017
654,200,MAN,Any Manz,"Any,Gerhard Casper Quad",f,1971,1869,1869,1869,2017
655,201,MAN,Any Kimball,"Any,Kimball",f,1861,1861,1745,1745,2017
656,261,MAN,Kim1rmSgl,"1 Room Single,Kimball",f,635,635,586,570,2017
657,262,MAN,Kim1rmDbl,"1 Room Double,Kimball",f,1698,1698,1698,1698,2017
658,263,MAN,KimballTrp,"Triple,Kimball",f,1403,1403,1403,,2017
659,264,MAN,Kim2rmDbl,"2 Room Double,Kimball",f,1434,1434,1434,1434,2017
660,265,MAN,KimQuad,"Quad,Kimball",f,1861,1861,1745,1745,2017
661,202,MAN,Any Lantana,"Any,Lantana",f,1849,1849,1845,1845,2017
662,211,MAN,Lant1rmSgl,"1 Room Single,Lantana",f,614,591,,,2017
663,212,MAN,Lant1rmDbl,"1 Room Double,Lantana",f,1849,1849,1845,1845,2017
664,213,MAN,LantanaTrp,"Triple,LantanaTrpana",f,,,,,2017
665,214,MAN,Lant2rmDbl,"2 Room Double,Lantana",f,1560,1544,1544,1542,2017
666,203,MAN,Any Castano,"Any,Castano",f,1971,1869,1869,1869,2017
667,251,MAN,Cast1rmSgl,"1 Room Single,Castano",f,631,442,163,14,2017
668,252,MAN,Cast1rmDbl,"1 Room Double,Castano",f,1971,1869,1869,1869,2017
669,253,MAN,CastanoTrp,"Triple,Castano",f,1869,1869,1869,1667,2017
670,254,MAN,Cast2rmDbl,"2 Room Double,Castano",f,1554,1506,1506,1506,2017
671,255,MAN,Humanities,"Any,Humanities House",f,443,443,298,,2017
672,19,MIR,Any Mirr,"Any,Mirrielees",f,261,261,254,,2017
673,102,MIR,Mirr2brDbl,"Double,Mirrielees",f,261,254,,,2017
674,103,MIR,Mirr3brTrp,"Triple,Mirrielees",f,261,,,,2017
675,350,MIR,MirSubFree,"Substance Free Housing,Mirrielees",f,400,400,,,2017
676,32,ROB,Any Roble,"Any,Roble",f,1968,1917,1917,1917,2017
677,411,ROB,Robl1rmSgl,"1 Room Single,Roble",f,1298,1281,1281,1243,2017
678,412,ROB,Robl1rmDbl,"1 Room Double,Roble",f,1874,1792,1521,1521,2017
679,413,ROB,RobleTrp,"Triple,Roble",f,1968,1917,1917,1917,2017
680,414,ROB,Robl2rmDbl,"2 Room Double,Roble",f,,,,,2017
681,978,ROW,Muwekma,"Any,Muwekma",f,922,724,578,,2017
682,978,ROW,"Muwekma (ethnic,N)","Any,Muwekma",f,3000,,,,2017
683,920,ROW,Any SelfOp,"Any,Self Op",f,1823,1811,1811,1807,2017
684,907,ROW,LwRwSelfOp,"Any,Lower Row Self Op",f,904,705,691,571,2017
685,922,ROW,Any 680Lomita,"Any,680 Lomita",f,691,386,266,266,2017
686,908,ROW,680Lom Prm,"Premium,680 Lomita",f,386,266,266,263,2017
687,909,ROW,680Lom Std,"Standard,680 Lomita",f,691,,,,2017
688,930,ROW,Any Xanadu,"Any,Xanadu",f,571,546,325,316,2017
689,998,ROW,Xanadu Prm,"Premium,Xanadu",f,,,,,2017
690,999,ROW,Xanadu Std,"Standard,Xanadu",f,571,546,325,316,2017
691,965,ROW,Any Italian,"Any,La Casa Italiana",f,144,144,79,18,2017
692,939,ROW,ItalianPrm,"Premium,La Casa Italiana",f,18,,,,2017
693,940,ROW,ItalianStd,"Standard,La Casa Italiana",f,144,144,79,,2017
694,986,ROW,Any BOB,"Any,BOB",f,499,450,450,373,2017
695,912,ROW,BOB Prm,"Premium,BOB",f,67,49,49,47,2017
696,913,ROW,BOB Std,"Standard,BOB",f,499,450,450,373,2017
697,990,ROW,Any Mars,"Any,Mars",f,904,560,560,557,2017
698,946,ROW,Mars Prm,"Premium,Mars",f,,,,,2017
699,947,ROW,Mars Std,"Standard,Mars",f,904,560,560,557,2017
700,993,ROW,Storey,"Any,Storey",f,705,411,411,397,2017
701,921,ROW,UpRwSelfOp,"Any,Upper Row Self Op",f,1823,1811,1811,1807,2017
702,901,ROW,Any Roth,"Any,Roth",f,1823,1811,1811,1807,2017
703,953,ROW,Roth Prm,"Premium,Roth",f,125,125,61,61,2017
704,954,ROW,Roth Std,"Standard,Roth",f,1823,1811,1811,1807,2017
705,964,ROW,Any HausMit,"Any,Haus Mitteleuropa",f,507,507,483,483,2017
706,937,ROW,HausMitPrm,"Premium,Haus Mitteleuropa",f,,,,,2017
707,938,ROW,HausMitStd,"Standard,Haus Mitteleuropa",f,507,507,483,483,2017
708,966,ROW,Any French,"Any,French House",f,474,247,226,226,2017
709,924,ROW,French Prm,"Premium,French House",f,,,,,2017
710,925,ROW,French Std,"Standard,French House",f,474,247,226,226,2017
711,968,ROW,Any PhiSig,"Any,Phi Sigma",f,798,798,720,485,2017
712,951,ROW,Phi Sg Prm,"Premium,Phi Sigma",f,221,,,,2017
713,952,ROW,Phi Sg Std,"Standard,Phi Sigma",f,798,798,720,485,2017
714,970,ROW,Any Durand,"Any,Durand",f,916,916,905,899,2017
715,916,ROW,Durand Prm,"Premium,Durand",f,,,,,2017
716,917,ROW,Durand Std,"Standard,Durand",f,916,916,905,899,2017
717,979,ROW,Any SlavDom,"Any,Slavianskii Dom",f,764,748,729,678,2017
718,956,ROW,SlavDomPrm,"Premium,Slavianskii Dom",f,103,16,,,2017
719,957,ROW,SlavDomStd,"Standard,Slavianskii Dom",f,764,748,729,678,2017
720,987,ROW,Any Grove,"Any,Grove",f,881,827,827,813,2017
721,926,ROW,Grov Prm,"Premium,Grove",f,,,,,2017
722,927,ROW,Grov Std,"Standard,Grove",f,881,827,827,813,2017
723,923,ROW,Any SelfOpLake,"Any,Self Op Lake",f,1302,762,747,533,2017
724,941,ROW,Jerry Prm,"Premium,Jerry",f,315,296,284,284,2017
725,960,ROW,Any Narnia,"Any,Narnia",f,1302,762,747,533,2017
726,948,ROW,Narnia Prm,"Premium,Narnia",f,533,533,533,454,2017
727,949,ROW,Narnia Std,"Standard,Narnia",f,1302,762,747,,2017
728,994,ROW,ZAP,"Any,ZAP",f,1308,1222,1222,955,2017
729,976,ROW,Kairos,"Any,Kairos",f,657,657,551,513,2017
730,977,ROW,Terra,"Any,Terra",f,2303,2303,2162,1994,2017
731,981,ROW,576Alvarado,"Any,576 Alvarado",f,728,622,388,,2017
732,983,ROW,Columbae,"Any,Columbae",f,612,597,558,558,2017
733,985,ROW,EBF,"Any,EBF",f,673,625,555,555,2017
734,996,ROW,Hammarsk,"Any,Hammarskjold",f,367,,,,2017
735,996,ROW,"Hammarsk (ethnic,I)","Any,Hammarskjold",f,1652,1388,286,180,2017
736,997,ROW,Synergy,"Any,Synergy",f,589,519,291,167,2017
737,426,STN,Zapata,"Any,Zapata",f,2935,2916,2909,2909,2017
738,426,STN,"Zapata (ethnic,C)","Any,Zapata",f,3000,3000,3000,3000,2017
739,33,TOY,Any Toyon,"Any,Toyon",f,1350,1350,1304,1254,2017
740,291,TOY,Toy1rmSgl,"1 Room Single,Toyon",f,,,,,2017
741,292,TOY,Toy1rmDbl,"1 Room Double,Toyon",f,1350,1239,1239,1239,2017
742,293,TOY,ToyonTrp,"Triple,Toyon",f,1181,1181,1181,,2017
743,294,TOY,Toy2rmDbl,"2 Room Double,Toyon",f,1304,1190,1188,1188,2017
744,295,TOY,ToyonQuad,"Quad,Toyon",f,1350,1254,1254,1254,2017
745,736,WIL,Okada,"Any,Okada",f,2499,2198,2163,2163,2017
746,736,WIL,"Okada (ethnic,A)","Any,Okada",f,2313,2188,2012,2012,2017
747,741,WIL,TrancosAny,"Any,Trancos",f,2935,2916,2909,2909,2017
748,743,WIL,Trancos1rmSgl,"1 Room Single,Trancos",f,,,,,2017
749,744,WIL,Trancos1rmDbl,"1 Room Double,Trancos",f,2935,2916,2909,2909,2017
